{
  "model": "svm",
  "accuracy": 0.91615,
  "f1": 0.9156905132974712,
  "roc_auc": 0.943831225,
  "pr_auc": 0.8990395987083071,
  "train_time_sec": 2603.56,
  "n_features": 77,
  "n_train": 80000,
  "n_test": 20000
}