{
  "model": "xgb",
  "accuracy": 0.99775,
  "f1": 0.9977501124943753,
  "roc_auc": 0.999882985,
  "pr_auc": 0.9999206795671534,
  "train_time_sec": 12.76,
  "n_features": 77,
  "n_train": 80000,
  "n_test": 20000
}