{
  "model": "rf",
  "accuracy": 0.99725,
  "f1": 0.9972487619428743,
  "roc_auc": 0.99984828,
  "pr_auc": 0.9998617007466254,
  "train_time_sec": 14.912,
  "n_features": 77,
  "n_train": 80000,
  "n_test": 20000
}